video,experiment,scale,crf,tx_resolution,pixel_reduction,bpp,original_size_mb,compressed_size_mb,compression_ratio,frames_compared,reference_detections,compressed_detections,matched_detections,missed_detections,avg_conf_baseline,avg_conf_compressed,mean_confidence_drop,pseudo_recall,new_detections,pseudo_precision
10.mp4,full_crf10,1.0,10,1280x720,1,0.1817,3.16,5.39,0.59,270,1925,1942,1888,37,0.5206,0.5223,-0.0017,0.9808,54,0.9722
10.mp4,full_crf15,1.0,15,1280x720,1,0.1269,3.16,3.77,0.84,270,1925,1926,1856,69,0.5247,0.5233,0.0014,0.9642,70,0.9637
10.mp4,full_crf20,1.0,20,1280x720,1,0.0785,3.16,2.33,1.36,270,1925,1875,1805,120,0.5314,0.5296,0.0018,0.9377,70,0.9627
10.mp4,full_crf25,1.0,25,1280x720,1,0.0463,3.16,1.37,2.3,270,1925,1802,1694,231,0.5473,0.5457,0.0016,0.88,108,0.9401
10.mp4,full_crf30,1.0,30,1280x720,1,0.0265,3.16,0.78,4.03,270,1925,1786,1637,288,0.5532,0.5579,-0.0047,0.8504,149,0.9166
10.mp4,full_crf35,1.0,35,1280x720,1,0.0151,3.16,0.45,7.07,270,1925,1970,1636,289,0.5511,0.5447,0.0064,0.8499,334,0.8305
10.mp4,full_crf40,1.0,40,1280x720,1,0.0084,3.16,0.25,12.74,270,1925,1666,1434,491,0.575,0.5331,0.042,0.7449,232,0.8607
10.mp4,full_crf45,1.0,45,1280x720,1,0.0046,3.16,0.14,22.97,270,1925,1561,1173,752,0.5713,0.5737,-0.0024,0.6094,388,0.7514
10.mp4,full_crf51,1.0,51,1280x720,1,0.0026,3.16,0.08,40.74,270,1925,351,303,1622,0.7392,0.6624,0.0768,0.1574,48,0.8632
10.mp4,half_crf10,0.5,10,640x360,4,0.3488,3.16,2.59,1.22,270,1925,1861,1747,178,0.5399,0.5241,0.0158,0.9075,114,0.9387
10.mp4,half_crf15,0.5,15,640x360,4,0.2161,3.16,1.6,1.97,270,1925,1846,1724,201,0.5428,0.5261,0.0166,0.8956,122,0.9339
10.mp4,half_crf20,0.5,20,640x360,4,0.128,3.16,0.95,3.33,270,1925,1775,1621,304,0.5567,0.5408,0.0159,0.8421,154,0.9132
10.mp4,half_crf25,0.5,25,640x360,4,0.0729,3.16,0.54,5.84,270,1925,1753,1590,335,0.559,0.5309,0.028,0.826,163,0.907
10.mp4,half_crf30,0.5,30,640x360,4,0.0404,3.16,0.3,10.56,270,1925,1622,1391,534,0.5888,0.5632,0.0256,0.7226,231,0.8576
10.mp4,half_crf35,0.5,35,640x360,4,0.0212,3.16,0.16,20.12,270,1925,1445,1243,682,0.5827,0.5467,0.036,0.6457,202,0.8602
10.mp4,half_crf40,0.5,40,640x360,4,0.0107,3.16,0.08,39.76,270,1925,1074,930,995,0.6221,0.5587,0.0634,0.4831,144,0.8659
10.mp4,half_crf45,0.5,45,640x360,4,0.0047,3.16,0.04,90.11,270,1925,580,552,1373,0.7129,0.663,0.05,0.2868,28,0.9517
10.mp4,half_crf51,0.5,51,640x360,4,0.0027,3.16,0.02,156.44,270,1925,428,347,1578,0.743,0.4233,0.3197,0.1803,81,0.8107
10.mp4,quarter_crf10,0.25,10,320x180,16,0.4775,3.16,0.89,3.57,270,1925,1783,1455,470,0.5618,0.4796,0.0823,0.7558,328,0.816
10.mp4,quarter_crf15,0.25,15,320x180,16,0.3054,3.16,0.57,5.58,270,1925,1545,1358,567,0.5676,0.4795,0.0881,0.7055,187,0.879
10.mp4,quarter_crf20,0.25,20,320x180,16,0.1816,3.16,0.34,9.38,270,1925,1177,1108,817,0.5779,0.5143,0.0637,0.5756,69,0.9414
10.mp4,quarter_crf25,0.25,25,320x180,16,0.1009,3.16,0.19,16.9,270,1925,1260,1075,850,0.5593,0.5199,0.0394,0.5584,185,0.8532
10.mp4,quarter_crf30,0.25,30,320x180,16,0.0526,3.16,0.1,32.42,270,1925,913,862,1063,0.6122,0.51,0.1022,0.4478,51,0.9441
10.mp4,quarter_crf35,0.25,35,320x180,16,0.027,3.16,0.05,63.06,270,1925,611,579,1346,0.6676,0.5537,0.1139,0.3008,32,0.9476
10.mp4,quarter_crf40,0.25,40,320x180,16,0.0143,3.16,0.03,119.45,270,1925,182,147,1778,0.7073,0.386,0.3212,0.0764,35,0.8077
10.mp4,quarter_crf45,0.25,45,320x180,16,0.0071,3.16,0.01,239.68,270,1925,390,387,1538,0.7535,0.5581,0.1954,0.201,3,0.9923
10.mp4,quarter_crf51,0.25,51,320x180,16,0.005,3.16,0.01,339.87,270,1925,251,0,1925,0.0,0.0,0.0,0.0,251,0.0
2.mp4,full_crf10,1.0,10,1280x720,1,0.3243,8.45,25.58,0.33,718,6090,6090,5877,213,0.5051,0.5051,-0.0001,0.965,213,0.965
2.mp4,full_crf15,1.0,15,1280x720,1,0.1759,8.45,13.87,0.61,718,6090,6054,5773,317,0.509,0.5076,0.0013,0.9479,281,0.9536
2.mp4,full_crf20,1.0,20,1280x720,1,0.1006,8.45,7.94,1.06,718,6090,6072,5645,445,0.5133,0.5098,0.0035,0.9269,427,0.9297
2.mp4,full_crf25,1.0,25,1280x720,1,0.053,8.45,4.18,2.02,718,6090,5951,5361,729,0.5231,0.5174,0.0057,0.8803,590,0.9009
2.mp4,full_crf30,1.0,30,1280x720,1,0.0266,8.45,2.1,4.03,718,6090,5972,5020,1070,0.5325,0.5203,0.0123,0.8243,952,0.8406
2.mp4,full_crf35,1.0,35,1280x720,1,0.0146,8.45,1.15,7.35,718,6090,5880,4422,1668,0.5461,0.5231,0.023,0.7261,1458,0.752
2.mp4,full_crf40,1.0,40,1280x720,1,0.0088,8.45,0.7,12.11,718,6090,5318,3611,2479,0.5619,0.5093,0.0525,0.5929,1707,0.679
2.mp4,full_crf45,1.0,45,1280x720,1,0.0055,8.45,0.43,19.46,718,6090,4517,2809,3281,0.573,0.4849,0.088,0.4612,1708,0.6219
2.mp4,full_crf51,1.0,51,1280x720,1,0.0032,8.45,0.25,33.21,718,6090,2010,1263,4827,0.6187,0.4411,0.1776,0.2074,747,0.6284
2.mp4,half_crf10,0.5,10,640x360,4,0.5101,8.45,10.06,0.84,718,6090,6007,5537,553,0.517,0.512,0.0051,0.9092,470,0.9218
2.mp4,half_crf15,0.5,15,640x360,4,0.259,8.45,5.11,1.65,718,6090,5902,5323,767,0.5242,0.5136,0.0106,0.8741,579,0.9019
2.mp4,half_crf20,0.5,20,640x360,4,0.125,8.45,2.46,3.43,718,6090,5919,5101,989,0.5299,0.514,0.0159,0.8376,818,0.8618
2.mp4,half_crf25,0.5,25,640x360,4,0.0626,8.45,1.24,6.84,718,6090,5750,4498,1592,0.5452,0.5229,0.0222,0.7386,1252,0.7823
2.mp4,half_crf30,0.5,30,640x360,4,0.0336,8.45,0.66,12.77,718,6090,5600,3952,2138,0.5572,0.5237,0.0334,0.6489,1648,0.7057
2.mp4,half_crf35,0.5,35,640x360,4,0.0201,8.45,0.4,21.33,718,6090,4525,3081,3009,0.5755,0.4992,0.0762,0.5059,1444,0.6809
2.mp4,half_crf40,0.5,40,640x360,4,0.012,8.45,0.24,35.78,718,6090,3792,2388,3702,0.5776,0.4714,0.1063,0.3921,1404,0.6297
2.mp4,half_crf45,0.5,45,640x360,4,0.0071,8.45,0.14,60.04,718,6090,2196,1260,4830,0.5986,0.4175,0.1811,0.2069,936,0.5738
2.mp4,half_crf51,0.5,51,640x360,4,0.0041,8.45,0.08,105.4,718,6090,635,271,5819,0.6194,0.3883,0.2311,0.0445,364,0.4268
2.mp4,quarter_crf10,0.25,10,320x180,16,0.6916,8.45,3.41,2.48,718,6090,5252,3933,2157,0.5614,0.5098,0.0516,0.6458,1319,0.7489
2.mp4,quarter_crf15,0.25,15,320x180,16,0.3372,8.45,1.66,5.08,718,6090,5098,3595,2495,0.566,0.5042,0.0619,0.5903,1503,0.7052
2.mp4,quarter_crf20,0.25,20,320x180,16,0.1661,8.45,0.82,10.32,718,6090,4897,3202,2888,0.5721,0.5044,0.0677,0.5258,1695,0.6539
2.mp4,quarter_crf25,0.25,25,320x180,16,0.0895,8.45,0.44,19.15,718,6090,4462,2661,3429,0.5794,0.497,0.0824,0.4369,1801,0.5964
2.mp4,quarter_crf30,0.25,30,320x180,16,0.0504,8.45,0.25,34.01,718,6090,3517,2233,3857,0.5909,0.4766,0.1144,0.3667,1284,0.6349
2.mp4,quarter_crf35,0.25,35,320x180,16,0.0297,8.45,0.15,57.71,718,6090,2821,1676,4414,0.5947,0.4432,0.1515,0.2752,1145,0.5941
2.mp4,quarter_crf40,0.25,40,320x180,16,0.018,8.45,0.09,95.0,718,6090,1997,1056,5034,0.6066,0.4084,0.1983,0.1734,941,0.5288
2.mp4,quarter_crf45,0.25,45,320x180,16,0.0115,8.45,0.06,149.39,718,6090,1522,769,5321,0.6065,0.4252,0.1813,0.1263,753,0.5053
2.mp4,quarter_crf51,0.25,51,320x180,16,0.0078,8.45,0.04,219.14,718,6090,477,87,6003,0.585,0.3987,0.1863,0.0143,390,0.1824
3.mp4,full_crf10,1.0,10,1280x720,1,0.3089,3.72,11.2,0.33,330,2630,2637,2539,91,0.4492,0.4491,0.0,0.9654,98,0.9628
3.mp4,full_crf15,1.0,15,1280x720,1,0.1832,3.72,6.64,0.56,330,2630,2674,2535,95,0.4494,0.4506,-0.0012,0.9639,139,0.948
3.mp4,full_crf20,1.0,20,1280x720,1,0.1153,3.72,4.18,0.89,330,2630,2642,2490,140,0.4522,0.4539,-0.0016,0.9468,152,0.9425
3.mp4,full_crf25,1.0,25,1280x720,1,0.071,3.72,2.57,1.45,330,2630,2679,2438,192,0.4554,0.4594,-0.004,0.927,241,0.91
3.mp4,full_crf30,1.0,30,1280x720,1,0.0449,3.72,1.63,2.29,330,2630,2626,2339,291,0.4616,0.4574,0.0041,0.8894,287,0.8907
3.mp4,full_crf35,1.0,35,1280x720,1,0.0284,3.72,1.03,3.61,330,2630,2501,2156,474,0.4721,0.4599,0.0122,0.8198,345,0.8621
3.mp4,full_crf40,1.0,40,1280x720,1,0.0182,3.72,0.66,5.64,330,2630,2415,1986,644,0.4798,0.4615,0.0183,0.7551,429,0.8224
3.mp4,full_crf45,1.0,45,1280x720,1,0.012,3.72,0.43,8.58,330,2630,2342,1686,944,0.4812,0.4798,0.0014,0.6411,656,0.7199
3.mp4,full_crf51,1.0,51,1280x720,1,0.0074,3.72,0.27,13.78,330,2630,1311,887,1743,0.501,0.475,0.0261,0.3373,424,0.6766
3.mp4,half_crf10,0.5,10,640x360,4,0.5248,3.72,4.76,0.78,330,2630,2598,2415,215,0.4575,0.4523,0.0053,0.9183,183,0.9296
3.mp4,half_crf15,0.5,15,640x360,4,0.317,3.72,2.87,1.3,330,2630,2570,2369,261,0.4604,0.4558,0.0046,0.9008,201,0.9218
3.mp4,half_crf20,0.5,20,640x360,4,0.1901,3.72,1.72,2.16,330,2630,2610,2312,318,0.4637,0.4582,0.0054,0.8791,298,0.8858
3.mp4,half_crf25,0.5,25,640x360,4,0.1144,3.72,1.04,3.59,330,2630,2590,2227,403,0.4675,0.4613,0.0063,0.8468,363,0.8598
3.mp4,half_crf30,0.5,30,640x360,4,0.069,3.72,0.63,5.95,330,2630,2418,2037,593,0.4781,0.457,0.0211,0.7745,381,0.8424
3.mp4,half_crf35,0.5,35,640x360,4,0.0412,3.72,0.37,9.96,330,2630,2235,1775,855,0.4855,0.4585,0.027,0.6749,460,0.7942
3.mp4,half_crf40,0.5,40,640x360,4,0.0243,3.72,0.22,16.88,330,2630,2077,1424,1206,0.4885,0.4492,0.0393,0.5414,653,0.6856
3.mp4,half_crf45,0.5,45,640x360,4,0.0148,3.72,0.13,27.7,330,2630,1327,821,1809,0.4875,0.4608,0.0267,0.3122,506,0.6187
3.mp4,half_crf51,0.5,51,640x360,4,0.0089,3.72,0.08,46.1,330,2630,342,204,2426,0.5679,0.4429,0.1249,0.0776,138,0.5965
3.mp4,quarter_crf10,0.25,10,320x180,16,0.8923,3.72,2.02,1.84,330,2630,2429,2100,530,0.4755,0.4499,0.0256,0.7985,329,0.8646
3.mp4,quarter_crf15,0.25,15,320x180,16,0.5722,3.72,1.3,2.87,330,2630,2399,2033,597,0.4792,0.4488,0.0304,0.773,366,0.8474
3.mp4,quarter_crf20,0.25,20,320x180,16,0.349,3.72,0.79,4.71,330,2630,2284,1893,737,0.4851,0.4591,0.026,0.7198,391,0.8288
3.mp4,quarter_crf25,0.25,25,320x180,16,0.2018,3.72,0.46,8.14,330,2630,2001,1649,981,0.4925,0.4497,0.0428,0.627,352,0.8241
3.mp4,quarter_crf30,0.25,30,320x180,16,0.1137,3.72,0.26,14.45,330,2630,1566,1243,1387,0.5079,0.4481,0.0598,0.4726,323,0.7937
3.mp4,quarter_crf35,0.25,35,320x180,16,0.0637,3.72,0.14,25.79,330,2630,1088,810,1820,0.5091,0.4485,0.0606,0.308,278,0.7445
3.mp4,quarter_crf40,0.25,40,320x180,16,0.0358,3.72,0.08,45.83,330,2630,708,493,2137,0.5094,0.4092,0.1003,0.1875,215,0.6963
3.mp4,quarter_crf45,0.25,45,320x180,16,0.0212,3.72,0.05,77.35,330,2630,397,257,2373,0.5128,0.3975,0.1153,0.0977,140,0.6474
3.mp4,quarter_crf51,0.25,51,320x180,16,0.0132,3.72,0.03,124.52,330,2630,136,37,2593,0.5289,0.3539,0.175,0.0141,99,0.2721
4.mp4,full_crf10,1.0,10,1920x1080,1,0.5179,29.67,96.02,0.31,750,17086,16997,16697,389,0.4296,0.4287,0.001,0.9772,300,0.9823
4.mp4,full_crf15,1.0,15,1920x1080,1,0.3022,29.67,56.02,0.53,750,17086,17013,16579,507,0.4308,0.4303,0.0005,0.9703,434,0.9745
4.mp4,full_crf20,1.0,20,1920x1080,1,0.1774,29.67,32.89,0.9,750,17086,17066,16462,624,0.4319,0.4321,-0.0002,0.9635,604,0.9646
4.mp4,full_crf25,1.0,25,1920x1080,1,0.1077,29.67,19.97,1.49,750,17086,17007,16145,941,0.4348,0.4339,0.0009,0.9449,862,0.9493
4.mp4,full_crf30,1.0,30,1920x1080,1,0.0678,29.67,12.57,2.36,750,17086,16573,15594,1492,0.4397,0.4346,0.0051,0.9127,979,0.9409
4.mp4,full_crf35,1.0,35,1920x1080,1,0.0418,29.67,7.74,3.83,750,17086,15902,14743,2343,0.4467,0.4338,0.0129,0.8629,1159,0.9271
4.mp4,full_crf40,1.0,40,1920x1080,1,0.0254,29.67,4.71,6.3,750,17086,14733,13411,3675,0.4568,0.4364,0.0204,0.7849,1322,0.9103
4.mp4,full_crf45,1.0,45,1920x1080,1,0.0157,29.67,2.91,10.19,750,17086,13565,11850,5236,0.4658,0.4523,0.0135,0.6936,1715,0.8736
4.mp4,full_crf51,1.0,51,1920x1080,1,0.0095,29.67,1.76,16.85,750,17086,11557,9059,8027,0.4724,0.4665,0.006,0.5302,2498,0.7839
4.mp4,half_crf10,0.5,10,960x540,4,0.896,29.67,41.53,0.71,750,17086,16686,16158,928,0.4348,0.4281,0.0067,0.9457,528,0.9684
4.mp4,half_crf15,0.5,15,960x540,4,0.5303,29.67,24.58,1.21,750,17086,16691,15977,1109,0.4364,0.4296,0.0067,0.9351,714,0.9572
4.mp4,half_crf20,0.5,20,960x540,4,0.3076,29.67,14.26,2.08,750,17086,16559,15630,1456,0.4394,0.4319,0.0075,0.9148,929,0.9439
4.mp4,half_crf25,0.5,25,960x540,4,0.1773,29.67,8.22,3.61,750,17086,16154,14987,2099,0.4447,0.4334,0.0113,0.8772,1167,0.9278
4.mp4,half_crf30,0.5,30,960x540,4,0.102,29.67,4.73,6.27,750,17086,15207,13912,3174,0.4531,0.4347,0.0184,0.8142,1295,0.9148
4.mp4,half_crf35,0.5,35,960x540,4,0.0582,29.67,2.7,10.99,750,17086,14038,12589,4497,0.4626,0.438,0.0246,0.7368,1449,0.8968
4.mp4,half_crf40,0.5,40,960x540,4,0.0326,29.67,1.51,19.64,750,17086,13336,11310,5776,0.4691,0.455,0.0141,0.6619,2026,0.8481
4.mp4,half_crf45,0.5,45,960x540,4,0.0185,29.67,0.86,34.65,750,17086,13542,10216,6870,0.4702,0.4866,-0.0164,0.5979,3326,0.7544
4.mp4,half_crf51,0.5,51,960x540,4,0.0106,29.67,0.49,60.46,750,17086,5906,4548,12538,0.51,0.4845,0.0256,0.2662,1358,0.7701
4.mp4,quarter_crf10,0.25,10,480x270,16,1.5912,29.67,18.44,1.61,750,17086,14458,14049,3037,0.4555,0.4196,0.0359,0.8223,409,0.9717
4.mp4,quarter_crf15,0.25,15,480x270,16,0.9814,29.67,11.37,2.61,750,17086,13936,13422,3664,0.4607,0.4213,0.0394,0.7856,514,0.9631
4.mp4,quarter_crf20,0.25,20,480x270,16,0.5683,29.67,6.59,4.5,750,17086,13396,12605,4481,0.4668,0.4259,0.0409,0.7377,791,0.941
4.mp4,quarter_crf25,0.25,25,480x270,16,0.3109,29.67,3.6,8.23,750,17086,12404,11402,5684,0.4759,0.4353,0.0406,0.6673,1002,0.9192
4.mp4,quarter_crf30,0.25,30,480x270,16,0.1659,29.67,1.92,15.43,750,17086,12064,10478,6608,0.4783,0.4523,0.026,0.6133,1586,0.8685
4.mp4,quarter_crf35,0.25,35,480x270,16,0.0867,29.67,1.0,29.53,750,17086,12319,9644,7442,0.4763,0.4711,0.0052,0.5644,2675,0.7829
4.mp4,quarter_crf40,0.25,40,480x270,16,0.044,29.67,0.51,58.2,750,17086,9521,7182,9904,0.4892,0.472,0.0172,0.4203,2339,0.7543
4.mp4,quarter_crf45,0.25,45,480x270,16,0.0226,29.67,0.26,113.4,750,17086,3396,2574,14512,0.5373,0.4584,0.0789,0.1506,822,0.758
4.mp4,quarter_crf51,0.25,51,480x270,16,0.0149,29.67,0.17,171.72,750,17086,643,467,16619,0.5657,0.4423,0.1234,0.0273,176,0.7263
5.mp4,full_crf10,1.0,10,1920x1080,1,0.4575,30.72,84.94,0.36,751,4968,4981,4798,170,0.3809,0.3806,0.0003,0.9658,183,0.9633
5.mp4,full_crf15,1.0,15,1920x1080,1,0.3045,30.72,56.52,0.54,751,4968,5003,4718,250,0.3827,0.3817,0.001,0.9497,285,0.943
5.mp4,full_crf20,1.0,20,1920x1080,1,0.1928,30.72,35.79,0.86,751,4968,5001,4600,368,0.3854,0.3858,-0.0004,0.9259,401,0.9198
5.mp4,full_crf25,1.0,25,1920x1080,1,0.114,30.72,21.16,1.45,751,4968,4928,4408,560,0.3897,0.3909,-0.0012,0.8873,520,0.8945
5.mp4,full_crf30,1.0,30,1920x1080,1,0.062,30.72,11.52,2.67,751,4968,4894,4206,762,0.3939,0.391,0.0029,0.8466,688,0.8594
5.mp4,full_crf35,1.0,35,1920x1080,1,0.0305,30.72,5.67,5.42,751,4968,4555,3829,1139,0.4015,0.4012,0.0003,0.7707,726,0.8406
5.mp4,full_crf40,1.0,40,1920x1080,1,0.0149,30.72,2.76,11.13,751,4968,4262,3475,1493,0.4075,0.4134,-0.0059,0.6995,787,0.8153
5.mp4,full_crf45,1.0,45,1920x1080,1,0.0074,30.72,1.38,22.29,751,4968,3809,2747,2221,0.4208,0.3873,0.0336,0.5529,1062,0.7212
5.mp4,full_crf51,1.0,51,1920x1080,1,0.0039,30.72,0.73,42.06,751,4968,2245,1608,3360,0.4321,0.3486,0.0835,0.3237,637,0.7163
5.mp4,half_crf10,0.5,10,960x540,4,0.8203,30.72,38.07,0.81,751,4968,5228,3975,993,0.3961,0.3939,0.0022,0.8001,1253,0.7603
5.mp4,half_crf15,0.5,15,960x540,4,0.5451,30.72,25.3,1.21,751,4968,5173,3940,1028,0.3975,0.3901,0.0074,0.7931,1233,0.7616
5.mp4,half_crf20,0.5,20,960x540,4,0.3317,30.72,15.39,2.0,751,4968,5097,3875,1093,0.3989,0.3921,0.0068,0.78,1222,0.7603
5.mp4,half_crf25,0.5,25,960x540,4,0.1775,30.72,8.24,3.73,751,4968,5062,3736,1232,0.4022,0.3905,0.0117,0.752,1326,0.738
5.mp4,half_crf30,0.5,30,960x540,4,0.0875,30.72,4.06,7.56,751,4968,4682,3215,1753,0.412,0.3884,0.0236,0.6471,1467,0.6867
5.mp4,half_crf35,0.5,35,960x540,4,0.042,30.72,1.95,15.76,751,4968,4119,2921,2047,0.4199,0.3955,0.0244,0.588,1198,0.7092
5.mp4,half_crf40,0.5,40,960x540,4,0.0193,30.72,0.9,34.25,751,4968,3329,1963,3005,0.4412,0.3987,0.0425,0.3951,1366,0.5897
5.mp4,half_crf45,0.5,45,960x540,4,0.0085,30.72,0.4,77.46,751,4968,2048,1588,3380,0.4353,0.3578,0.0775,0.3196,460,0.7754
5.mp4,half_crf51,0.5,51,960x540,4,0.0044,30.72,0.2,151.55,751,4968,492,354,4614,0.4036,0.3566,0.0469,0.0713,138,0.7195
5.mp4,quarter_crf10,0.25,10,480x270,16,0.9353,30.72,10.85,2.83,751,4968,5214,3559,1409,0.4064,0.4124,-0.0061,0.7164,1655,0.6826
5.mp4,quarter_crf15,0.25,15,480x270,16,0.5964,30.72,6.92,4.44,751,4968,5366,3515,1453,0.4064,0.4157,-0.0093,0.7075,1851,0.6551
5.mp4,quarter_crf20,0.25,20,480x270,16,0.3577,30.72,4.15,7.4,751,4968,5066,3427,1541,0.409,0.4188,-0.0097,0.6898,1639,0.6765
5.mp4,quarter_crf25,0.25,25,480x270,16,0.2009,30.72,2.33,13.18,751,4968,4443,2763,2205,0.4211,0.4298,-0.0087,0.5562,1680,0.6219
5.mp4,quarter_crf30,0.25,30,480x270,16,0.1043,30.72,1.21,25.39,751,4968,3987,2465,2503,0.4303,0.4345,-0.0043,0.4962,1522,0.6183
5.mp4,quarter_crf35,0.25,35,480x270,16,0.049,30.72,0.57,54.04,751,4968,3245,2002,2966,0.4384,0.4238,0.0147,0.403,1243,0.6169
5.mp4,quarter_crf40,0.25,40,480x270,16,0.0209,30.72,0.24,126.61,751,4968,2158,1494,3474,0.4311,0.3818,0.0493,0.3007,664,0.6923
5.mp4,quarter_crf45,0.25,45,480x270,16,0.0079,30.72,0.09,337.08,751,4968,595,329,4639,0.4052,0.4007,0.0046,0.0662,266,0.5529
5.mp4,quarter_crf51,0.25,51,480x270,16,0.0033,30.72,0.04,812.97,751,4968,332,191,4777,0.3125,0.3681,-0.0556,0.0384,141,0.5753
6.mp4,full_crf10,1.0,10,1920x1080,1,0.3811,4.16,19.69,0.21,209,2962,2947,2861,101,0.4093,0.4102,-0.0009,0.9659,86,0.9708
6.mp4,full_crf15,1.0,15,1920x1080,1,0.2333,4.16,12.05,0.34,209,2962,2957,2824,138,0.411,0.412,-0.001,0.9534,133,0.955
6.mp4,full_crf20,1.0,20,1920x1080,1,0.1442,4.16,7.45,0.56,209,2962,2977,2783,179,0.4129,0.4165,-0.0036,0.9396,194,0.9348
6.mp4,full_crf25,1.0,25,1920x1080,1,0.0916,4.16,4.73,0.88,209,2962,3022,2722,240,0.4155,0.4198,-0.0043,0.919,300,0.9007
6.mp4,full_crf30,1.0,30,1920x1080,1,0.0512,4.16,2.65,1.57,209,2962,3033,2621,341,0.4193,0.4208,-0.0015,0.8849,412,0.8642
6.mp4,full_crf35,1.0,35,1920x1080,1,0.0249,4.16,1.28,3.23,209,2962,2955,2476,486,0.4254,0.4246,0.0008,0.8359,479,0.8379
6.mp4,full_crf40,1.0,40,1920x1080,1,0.0123,4.16,0.63,6.56,209,2962,2749,2272,690,0.4326,0.4217,0.0109,0.767,477,0.8265
6.mp4,full_crf45,1.0,45,1920x1080,1,0.0062,4.16,0.32,12.99,209,2962,2163,1783,1179,0.446,0.4117,0.0343,0.602,380,0.8243
6.mp4,full_crf51,1.0,51,1920x1080,1,0.003,4.16,0.16,26.39,209,2962,1341,952,2010,0.4538,0.402,0.0518,0.3214,389,0.7099
6.mp4,half_crf10,0.5,10,960x540,4,0.5877,4.16,7.59,0.55,209,2962,3223,2644,318,0.4187,0.4361,-0.0174,0.8926,579,0.8204
6.mp4,half_crf15,0.5,15,960x540,4,0.3646,4.16,4.71,0.88,209,2962,3219,2639,323,0.4187,0.4358,-0.0171,0.891,580,0.8198
6.mp4,half_crf20,0.5,20,960x540,4,0.2106,4.16,2.72,1.53,209,2962,3218,2601,361,0.42,0.4382,-0.0182,0.8781,617,0.8083
6.mp4,half_crf25,0.5,25,960x540,4,0.1106,4.16,1.43,2.91,209,2962,3247,2539,423,0.422,0.4387,-0.0167,0.8572,708,0.782
6.mp4,half_crf30,0.5,30,960x540,4,0.0556,4.16,0.72,5.78,209,2962,3045,2424,538,0.4266,0.4323,-0.0057,0.8184,621,0.7961
6.mp4,half_crf35,0.5,35,960x540,4,0.0275,4.16,0.35,11.71,209,2962,2676,2140,822,0.4336,0.4236,0.01,0.7225,536,0.7997
6.mp4,half_crf40,0.5,40,960x540,4,0.0133,4.16,0.17,24.17,209,2962,2353,1757,1205,0.4425,0.4205,0.022,0.5932,596,0.7467
6.mp4,half_crf45,0.5,45,960x540,4,0.0064,4.16,0.08,50.36,209,2962,1427,1048,1914,0.4562,0.3972,0.059,0.3538,379,0.7344
6.mp4,half_crf51,0.5,51,960x540,4,0.0033,4.16,0.04,97.59,209,2962,430,269,2693,0.4918,0.3592,0.1326,0.0908,161,0.6256
6.mp4,quarter_crf10,0.25,10,480x270,16,0.6991,4.16,2.26,1.84,209,2962,2898,2423,539,0.428,0.4254,0.0026,0.818,475,0.8361
6.mp4,quarter_crf15,0.25,15,480x270,16,0.4139,4.16,1.34,3.11,209,2962,2890,2382,580,0.4294,0.4276,0.0018,0.8042,508,0.8242
6.mp4,quarter_crf20,0.25,20,480x270,16,0.2361,4.16,0.76,5.45,209,2962,2811,2288,674,0.4322,0.4278,0.0044,0.7725,523,0.8139
6.mp4,quarter_crf25,0.25,25,480x270,16,0.1288,4.16,0.42,9.99,209,2962,2596,2081,881,0.4373,0.4253,0.0119,0.7026,515,0.8016
6.mp4,quarter_crf30,0.25,30,480x270,16,0.067,4.16,0.22,19.21,209,2962,2400,1786,1176,0.4432,0.4343,0.0089,0.603,614,0.7442
6.mp4,quarter_crf35,0.25,35,480x270,16,0.033,4.16,0.11,38.95,209,2962,1671,1266,1696,0.4513,0.4102,0.0411,0.4274,405,0.7576
6.mp4,quarter_crf40,0.25,40,480x270,16,0.0158,4.16,0.05,81.49,209,2962,797,585,2377,0.4717,0.3742,0.0975,0.1975,212,0.734
6.mp4,quarter_crf45,0.25,45,480x270,16,0.0076,4.16,0.02,169.98,209,2962,511,235,2727,0.4477,0.4169,0.0308,0.0793,276,0.4599
6.mp4,quarter_crf51,0.25,51,480x270,16,0.0043,4.16,0.01,295.99,209,2962,58,3,2959,0.6642,0.3007,0.3635,0.001,55,0.0517
7.mp4,full_crf10,1.0,10,1920x1080,1,0.343,7.47,26.62,0.28,314,3298,3267,3138,160,0.3859,0.3846,0.0013,0.9515,129,0.9605
7.mp4,full_crf15,1.0,15,1920x1080,1,0.1732,7.47,13.44,0.56,314,3298,3267,3113,185,0.3865,0.3861,0.0003,0.9439,154,0.9529
7.mp4,full_crf20,1.0,20,1920x1080,1,0.0968,7.47,7.51,1.0,314,3298,3285,3047,251,0.3889,0.3871,0.0019,0.9239,238,0.9275
7.mp4,full_crf25,1.0,25,1920x1080,1,0.0496,7.47,3.85,1.94,314,3298,3380,3017,281,0.3894,0.391,-0.0015,0.9148,363,0.8926
7.mp4,full_crf30,1.0,30,1920x1080,1,0.0236,7.47,1.83,4.07,314,3298,3220,2870,428,0.3939,0.3918,0.002,0.8702,350,0.8913
7.mp4,full_crf35,1.0,35,1920x1080,1,0.012,7.47,0.93,8.04,314,3298,2632,2364,934,0.4115,0.3906,0.021,0.7168,268,0.8982
7.mp4,full_crf40,1.0,40,1920x1080,1,0.0065,7.47,0.5,14.88,314,3298,2221,1945,1353,0.4201,0.3839,0.0362,0.5898,276,0.8757
7.mp4,full_crf45,1.0,45,1920x1080,1,0.0036,7.47,0.28,27.03,314,3298,1451,1210,2088,0.4416,0.3834,0.0581,0.3669,241,0.8339
7.mp4,full_crf51,1.0,51,1920x1080,1,0.0016,7.47,0.12,61.61,314,3298,700,355,2943,0.4705,0.3321,0.1384,0.1076,345,0.5071
7.mp4,half_crf10,0.5,10,960x540,4,0.5886,7.47,11.42,0.65,314,3298,3213,2896,402,0.3941,0.3872,0.0069,0.8781,317,0.9013
7.mp4,half_crf15,0.5,15,960x540,4,0.2872,7.47,5.57,1.34,314,3298,3223,2869,429,0.3951,0.3875,0.0076,0.8699,354,0.8902
7.mp4,half_crf20,0.5,20,960x540,4,0.136,7.47,2.64,2.83,314,3298,3155,2787,511,0.3968,0.3863,0.0105,0.8451,368,0.8834
7.mp4,half_crf25,0.5,25,960x540,4,0.0604,7.47,1.17,6.38,314,3298,2831,2517,781,0.4047,0.3808,0.0239,0.7632,314,0.8891
7.mp4,half_crf30,0.5,30,960x540,4,0.0272,7.47,0.53,14.18,314,3298,2783,2276,1022,0.4058,0.391,0.0149,0.6901,507,0.8178
7.mp4,half_crf35,0.5,35,960x540,4,0.0135,7.47,0.26,28.6,314,3298,2109,1687,1611,0.4252,0.3891,0.0361,0.5115,422,0.7999
7.mp4,half_crf40,0.5,40,960x540,4,0.0071,7.47,0.14,54.25,314,3298,1751,1384,1914,0.4237,0.3811,0.0426,0.4196,367,0.7904
7.mp4,half_crf45,0.5,45,960x540,4,0.0038,7.47,0.07,102.16,314,3298,1067,560,2738,0.4091,0.3705,0.0387,0.1698,507,0.5248
7.mp4,half_crf51,0.5,51,960x540,4,0.0018,7.47,0.03,219.57,314,3298,97,20,3278,0.3943,0.3199,0.0745,0.0061,77,0.2062
7.mp4,quarter_crf10,0.25,10,480x270,16,0.9411,7.47,4.57,1.64,314,3298,2570,2349,949,0.4129,0.3766,0.0363,0.7122,221,0.914
7.mp4,quarter_crf15,0.25,15,480x270,16,0.4509,7.47,2.19,3.42,314,3298,2357,2117,1181,0.422,0.3756,0.0465,0.6419,240,0.8982
7.mp4,quarter_crf20,0.25,20,480x270,16,0.208,7.47,1.01,7.41,314,3298,2200,1894,1404,0.4251,0.3815,0.0436,0.5743,306,0.8609
7.mp4,quarter_crf25,0.25,25,480x270,16,0.0866,7.47,0.42,17.78,314,3298,1963,1557,1741,0.4273,0.3977,0.0296,0.4721,406,0.7932
7.mp4,quarter_crf30,0.25,30,480x270,16,0.0359,7.47,0.17,42.87,314,3298,1739,1177,2121,0.4402,0.3828,0.0574,0.3569,562,0.6768
7.mp4,quarter_crf35,0.25,35,480x270,16,0.0162,7.47,0.08,95.23,314,3298,1156,718,2580,0.4172,0.351,0.0663,0.2177,438,0.6211
7.mp4,quarter_crf40,0.25,40,480x270,16,0.0085,7.47,0.04,180.99,314,3298,339,76,3222,0.5082,0.3083,0.1999,0.023,263,0.2242
7.mp4,quarter_crf45,0.25,45,480x270,16,0.0049,7.47,0.02,317.07,314,3298,551,116,3182,0.3648,0.3379,0.0269,0.0352,435,0.2105
7.mp4,quarter_crf51,0.25,51,480x270,16,0.0028,7.47,0.01,548.42,314,3298,80,6,3292,0.2873,0.2873,-0.0,0.0018,74,0.075
8.mp4,full_crf10,1.0,10,1920x1080,1,0.3646,9.86,33.8,0.29,375,5360,5339,5213,147,0.4428,0.4418,0.001,0.9726,126,0.9764
8.mp4,full_crf15,1.0,15,1920x1080,1,0.2144,9.86,19.87,0.5,375,5360,5314,5166,194,0.4443,0.4427,0.0016,0.9638,148,0.9721
8.mp4,full_crf20,1.0,20,1920x1080,1,0.1354,9.86,12.55,0.79,375,5360,5325,5099,261,0.4465,0.4451,0.0013,0.9513,226,0.9576
8.mp4,full_crf25,1.0,25,1920x1080,1,0.0816,9.86,7.56,1.3,375,5360,5300,4987,373,0.4497,0.4463,0.0034,0.9304,313,0.9409
8.mp4,full_crf30,1.0,30,1920x1080,1,0.0398,9.86,3.68,2.68,375,5360,5240,4777,583,0.456,0.4478,0.0083,0.8912,463,0.9116
8.mp4,full_crf35,1.0,35,1920x1080,1,0.0195,9.86,1.8,5.47,375,5360,5141,4524,836,0.4627,0.454,0.0087,0.844,617,0.88
8.mp4,full_crf40,1.0,40,1920x1080,1,0.0103,9.86,0.95,10.37,375,5360,4957,4240,1120,0.4708,0.4554,0.0154,0.791,717,0.8554
8.mp4,full_crf45,1.0,45,1920x1080,1,0.0057,9.86,0.53,18.61,375,5360,4315,3640,1720,0.4873,0.4386,0.0487,0.6791,675,0.8436
8.mp4,full_crf51,1.0,51,1920x1080,1,0.0031,9.86,0.29,34.15,375,5360,2822,2127,3233,0.5329,0.4399,0.0931,0.3968,695,0.7537
8.mp4,half_crf10,0.5,10,960x540,4,0.8871,9.86,20.56,0.48,375,5360,5691,4734,626,0.4545,0.4698,-0.0152,0.8832,957,0.8318
8.mp4,half_crf15,0.5,15,960x540,4,0.5159,9.86,11.96,0.82,375,5360,5643,4689,671,0.4559,0.4686,-0.0127,0.8748,954,0.8309
8.mp4,half_crf20,0.5,20,960x540,4,0.2809,9.86,6.51,1.51,375,5360,5521,4625,735,0.4581,0.4653,-0.0072,0.8629,896,0.8377
8.mp4,half_crf25,0.5,25,960x540,4,0.1369,9.86,3.17,3.11,375,5360,5195,4395,965,0.465,0.4651,-0.0001,0.82,800,0.846
8.mp4,half_crf30,0.5,30,960x540,4,0.0612,9.86,1.42,6.95,375,5360,4959,4163,1197,0.4717,0.4578,0.014,0.7767,796,0.8395
8.mp4,half_crf35,0.5,35,960x540,4,0.027,9.86,0.63,15.77,375,5360,4186,3569,1791,0.4894,0.4516,0.0378,0.6659,617,0.8526
8.mp4,half_crf40,0.5,40,960x540,4,0.0128,9.86,0.3,33.14,375,5360,3834,3062,2298,0.5021,0.4422,0.0598,0.5713,772,0.7986
8.mp4,half_crf45,0.5,45,960x540,4,0.0068,9.86,0.16,63.01,375,5360,2649,1998,3362,0.5304,0.4288,0.1016,0.3728,651,0.7542
8.mp4,half_crf51,0.5,51,960x540,4,0.0039,9.86,0.09,108.19,375,5360,1752,1171,4189,0.5439,0.4023,0.1415,0.2185,581,0.6684
8.mp4,quarter_crf10,0.25,10,480x270,16,1.032,9.86,5.98,1.65,375,5360,5064,4275,1085,0.4693,0.4605,0.0088,0.7976,789,0.8442
8.mp4,quarter_crf15,0.25,15,480x270,16,0.5863,9.86,3.4,2.9,375,5360,4979,4235,1125,0.4712,0.4573,0.0139,0.7901,744,0.8506
8.mp4,quarter_crf20,0.25,20,480x270,16,0.3264,9.86,1.89,5.21,375,5360,4461,3890,1470,0.4829,0.4545,0.0283,0.7257,571,0.872
8.mp4,quarter_crf25,0.25,25,480x270,16,0.1662,9.86,0.96,10.24,375,5360,4181,3553,1807,0.4904,0.4452,0.0452,0.6629,628,0.8498
8.mp4,quarter_crf30,0.25,30,480x270,16,0.0772,9.86,0.45,22.04,375,5360,3502,2953,2407,0.5139,0.442,0.0719,0.5509,549,0.8432
8.mp4,quarter_crf35,0.25,35,480x270,16,0.0343,9.86,0.2,49.59,375,5360,3246,2540,2820,0.5222,0.4442,0.078,0.4739,706,0.7825
8.mp4,quarter_crf40,0.25,40,480x270,16,0.0158,9.86,0.09,107.9,375,5360,1827,1360,4000,0.5662,0.4362,0.13,0.2537,467,0.7444
8.mp4,quarter_crf45,0.25,45,480x270,16,0.0082,9.86,0.05,207.98,375,5360,1058,676,4684,0.5694,0.3728,0.1966,0.1261,382,0.6389
8.mp4,quarter_crf51,0.25,51,480x270,16,0.0046,9.86,0.03,368.51,375,5360,638,282,5078,0.4231,0.3968,0.0263,0.0526,356,0.442
9.mp4,full_crf10,1.0,10,1280x720,1,0.3389,3.4,10.83,0.31,291,6792,6803,6660,132,0.5333,0.5327,0.0006,0.9806,143,0.979
9.mp4,full_crf15,1.0,15,1280x720,1,0.1925,3.4,6.16,0.55,291,6792,6796,6590,202,0.536,0.5348,0.0012,0.9703,206,0.9697
9.mp4,full_crf20,1.0,20,1280x720,1,0.1074,3.4,3.43,0.99,291,6792,6753,6474,318,0.5402,0.5377,0.0025,0.9532,279,0.9587
9.mp4,full_crf25,1.0,25,1280x720,1,0.0608,3.4,1.94,1.75,291,6792,6734,6343,449,0.5446,0.5392,0.0054,0.9339,391,0.9419
9.mp4,full_crf30,1.0,30,1280x720,1,0.0357,3.4,1.14,2.97,291,6792,6443,6005,787,0.557,0.5407,0.0163,0.8841,438,0.932
9.mp4,full_crf35,1.0,35,1280x720,1,0.0215,3.4,0.69,4.93,291,6792,6233,5604,1188,0.5708,0.5456,0.0252,0.8251,629,0.8991
9.mp4,full_crf40,1.0,40,1280x720,1,0.0138,3.4,0.44,7.68,291,6792,5684,5000,1792,0.5878,0.5392,0.0486,0.7362,684,0.8797
9.mp4,full_crf45,1.0,45,1280x720,1,0.0092,3.4,0.3,11.49,291,6792,4710,4007,2785,0.6116,0.5472,0.0644,0.59,703,0.8507
9.mp4,full_crf51,1.0,51,1280x720,1,0.0058,3.4,0.18,18.38,291,6792,3579,2741,4051,0.6339,0.5463,0.0876,0.4036,838,0.7659
9.mp4,half_crf10,0.5,10,640x360,4,0.5153,3.4,4.12,0.83,291,6792,6567,6316,476,0.5465,0.5384,0.0081,0.9299,251,0.9618
9.mp4,half_crf15,0.5,15,640x360,4,0.2919,3.4,2.33,1.46,291,6792,6531,6209,583,0.5501,0.5394,0.0108,0.9142,322,0.9507
9.mp4,half_crf20,0.5,20,640x360,4,0.1645,3.4,1.32,2.58,291,6792,6516,6036,756,0.5558,0.54,0.0158,0.8887,480,0.9263
9.mp4,half_crf25,0.5,25,640x360,4,0.0937,3.4,0.75,4.54,291,6792,6180,5670,1122,0.5677,0.5418,0.0259,0.8348,510,0.9175
9.mp4,half_crf30,0.5,30,640x360,4,0.054,3.4,0.43,7.87,291,6792,5768,5147,1645,0.5841,0.5382,0.046,0.7578,621,0.8923
9.mp4,half_crf35,0.5,35,640x360,4,0.0319,3.4,0.25,13.33,291,6792,5141,4426,2366,0.5966,0.535,0.0616,0.6516,715,0.8609
9.mp4,half_crf40,0.5,40,640x360,4,0.0197,3.4,0.16,21.59,291,6792,4465,3517,3275,0.6134,0.5455,0.0679,0.5178,948,0.7877
9.mp4,half_crf45,0.5,45,640x360,4,0.0125,3.4,0.1,34.01,291,6792,3358,2511,4281,0.6399,0.5359,0.104,0.3697,847,0.7478
9.mp4,half_crf51,0.5,51,640x360,4,0.0072,3.4,0.06,58.8,291,6792,1356,917,5875,0.711,0.5053,0.2057,0.135,439,0.6763
9.mp4,quarter_crf10,0.25,10,320x180,16,0.7038,3.4,1.41,2.42,291,6792,5665,5226,1566,0.5864,0.5401,0.0463,0.7694,439,0.9225
9.mp4,quarter_crf15,0.25,15,320x180,16,0.4041,3.4,0.81,4.21,291,6792,5442,4990,1802,0.5954,0.5368,0.0586,0.7347,452,0.9169
9.mp4,quarter_crf20,0.25,20,320x180,16,0.2321,3.4,0.46,7.33,291,6792,4979,4515,2277,0.6082,0.5334,0.0747,0.6648,464,0.9068
9.mp4,quarter_crf25,0.25,25,320x180,16,0.1327,3.4,0.27,12.81,291,6792,4509,3903,2889,0.6158,0.5361,0.0798,0.5746,606,0.8656
9.mp4,quarter_crf30,0.25,30,320x180,16,0.0751,3.4,0.15,22.65,291,6792,4108,3369,3423,0.6211,0.5393,0.0818,0.496,739,0.8201
9.mp4,quarter_crf35,0.25,35,320x180,16,0.0424,3.4,0.08,40.08,291,6792,3760,2840,3952,0.6287,0.5363,0.0924,0.4181,920,0.7553
9.mp4,quarter_crf40,0.25,40,320x180,16,0.0253,3.4,0.05,67.14,291,6792,2672,1822,4970,0.6439,0.4809,0.163,0.2683,850,0.6819
9.mp4,quarter_crf45,0.25,45,320x180,16,0.0156,3.4,0.03,109.31,291,6792,1317,818,5974,0.6955,0.4594,0.2361,0.1204,499,0.6211
9.mp4,quarter_crf51,0.25,51,320x180,16,0.009,3.4,0.02,188.61,291,6792,238,122,6670,0.6844,0.4111,0.2734,0.018,116,0.5126
crowd1.mp4,full_crf10,1.0,10,1280x720,1,0.3536,9.44,27.97,0.34,720,9835,9832,9507,328,0.5146,0.5146,0.0,0.9666,325,0.9669
crowd1.mp4,full_crf15,1.0,15,1280x720,1,0.1984,9.44,15.69,0.6,720,9835,9789,9372,463,0.5179,0.5167,0.0011,0.9529,417,0.9574
crowd1.mp4,full_crf20,1.0,20,1280x720,1,0.1175,9.44,9.29,1.02,720,9835,9715,9155,680,0.5227,0.5186,0.0041,0.9309,560,0.9424
crowd1.mp4,full_crf25,1.0,25,1280x720,1,0.0647,9.44,5.12,1.84,720,9835,9552,8719,1116,0.5319,0.5206,0.0113,0.8865,833,0.9128
crowd1.mp4,full_crf30,1.0,30,1280x720,1,0.035,9.44,2.77,3.41,720,9835,9276,8175,1660,0.542,0.5228,0.0192,0.8312,1101,0.8813
crowd1.mp4,full_crf35,1.0,35,1280x720,1,0.0202,9.44,1.6,5.91,720,9835,8836,7302,2533,0.5562,0.5216,0.0346,0.7425,1534,0.8264
crowd1.mp4,full_crf40,1.0,40,1280x720,1,0.0123,9.44,0.98,9.67,720,9835,7669,5885,3950,0.5769,0.5151,0.0618,0.5984,1784,0.7674
crowd1.mp4,full_crf45,1.0,45,1280x720,1,0.0078,9.44,0.61,15.36,720,9835,6008,4227,5608,0.5992,0.5004,0.0988,0.4298,1781,0.7036
crowd1.mp4,full_crf51,1.0,51,1280x720,1,0.0045,9.44,0.36,26.24,720,9835,3132,2068,7767,0.6368,0.4597,0.1771,0.2103,1064,0.6603
crowd1.mp4,half_crf10,0.5,10,640x360,4,0.5652,9.44,11.18,0.84,720,9835,9621,9008,827,0.5262,0.521,0.0052,0.9159,613,0.9363
crowd1.mp4,half_crf15,0.5,15,640x360,4,0.3044,9.44,6.02,1.57,720,9835,9493,8717,1118,0.532,0.5233,0.0087,0.8863,776,0.9183
crowd1.mp4,half_crf20,0.5,20,640x360,4,0.1588,9.44,3.14,3.01,720,9835,9281,8228,1607,0.5421,0.5246,0.0175,0.8366,1053,0.8865
crowd1.mp4,half_crf25,0.5,25,640x360,4,0.0854,9.44,1.69,5.59,720,9835,8862,7403,2432,0.5544,0.5276,0.0268,0.7527,1459,0.8354
crowd1.mp4,half_crf30,0.5,30,640x360,4,0.0479,9.44,0.95,9.97,720,9835,8132,6287,3548,0.5711,0.5196,0.0515,0.6392,1845,0.7731
crowd1.mp4,half_crf35,0.5,35,640x360,4,0.0283,9.44,0.56,16.85,720,9835,6560,4950,4885,0.5875,0.4992,0.0882,0.5033,1610,0.7546
crowd1.mp4,half_crf40,0.5,40,640x360,4,0.0168,9.44,0.33,28.41,720,9835,5277,3747,6088,0.5998,0.4855,0.1143,0.381,1530,0.7101
crowd1.mp4,half_crf45,0.5,45,640x360,4,0.0099,9.44,0.2,48.39,720,9835,3410,2230,7605,0.6111,0.4584,0.1527,0.2267,1180,0.654
crowd1.mp4,half_crf51,0.5,51,640x360,4,0.0055,9.44,0.11,86.54,720,9835,1434,547,9288,0.6354,0.4054,0.23,0.0556,887,0.3815
crowd1.mp4,quarter_crf10,0.25,10,320x180,16,0.8384,9.44,4.14,2.28,720,9835,8470,6703,3132,0.5661,0.5171,0.049,0.6815,1767,0.7914
crowd1.mp4,quarter_crf15,0.25,15,320x180,16,0.4494,9.44,2.22,4.25,720,9835,8208,6224,3611,0.5726,0.5097,0.0629,0.6328,1984,0.7583
crowd1.mp4,quarter_crf20,0.25,20,320x180,16,0.2403,9.44,1.19,7.95,720,9835,7514,5178,4657,0.587,0.4971,0.0899,0.5265,2336,0.6891
crowd1.mp4,quarter_crf25,0.25,25,320x180,16,0.1319,9.44,0.65,14.48,720,9835,6401,4160,5675,0.601,0.473,0.128,0.423,2241,0.6499
crowd1.mp4,quarter_crf30,0.25,30,320x180,16,0.0734,9.44,0.36,26.04,720,9835,4921,3306,6529,0.612,0.4696,0.1424,0.3361,1615,0.6718
crowd1.mp4,quarter_crf35,0.25,35,320x180,16,0.042,9.44,0.21,45.5,720,9835,3716,2449,7386,0.6111,0.4552,0.1558,0.249,1267,0.659
crowd1.mp4,quarter_crf40,0.25,40,320x180,16,0.0246,9.44,0.12,77.79,720,9835,3025,1960,7875,0.6126,0.4257,0.1868,0.1993,1065,0.6479
crowd1.mp4,quarter_crf45,0.25,45,320x180,16,0.0151,9.44,0.07,126.69,720,9835,1785,900,8935,0.6173,0.3806,0.2367,0.0915,885,0.5042
crowd1.mp4,quarter_crf51,0.25,51,320x180,16,0.01,9.44,0.05,190.58,720,9835,832,243,9592,0.6393,0.3879,0.2514,0.0247,589,0.2921
